,SiO2,TiO2,Al2O3,FeO*,MnO,MgO,CaO,Na2O,K2O,P2O5,Ni,Cr,V,Ga,Cu,Zn,La,Ce,Pr,Nd,Sm,Eu,Gd,Tb,Dy,Ho,Er,Tm,Yb,Lu,Ba,Th,Nb,Y,Hf,Ta,U,Pb,Rb,Cs,Sr,Sc,Zr,Latitude,Longitude,Rock_Type,Period,S_Domain,Color
G22032A,51.9228302336286,1.7577390211379271,18.07702963018059,8.690276380907413,0.1986699997520667,5.264916689034559,9.109714779732856,2.806281119666605,1.6213757277649676,0.5511664181944206,56.26404,188.87422400000003,203.1,18.4,42.05,66.28,38.79507408148879,72.78512761243792,8.27940500219166,31.327959368557632,6.100609087044459,1.898916351614624,5.483483291053205,0.826428920969035,4.553694192709363,0.9129196982090207,2.4359872547639685,0.3551204240475499,2.1792277645881564,0.3410462783872026,1200.8048909785784,6.8692635832453925,56.51238007707065,24.403798405085546,3.3569402805507718,3.4227476192107624,1.5017248521045905,4.998950498410552,27.75523684105533,0.9704078829771312,632.1454153266756,21.152227444649203,143.18858899325858,42.984378,42.239925,Basalt,Jurassic,Khaishi Limbs,#44AA99
G22033,43.57045640529286,2.251793165778897,15.304993088005608,10.32675465304352,0.1780880162896585,6.908789450181292,16.757152899298546,2.316533020530867,1.790388161366759,0.5950511402119965,84.2309476702,206.1115056,275.93280000000004,17.3349,128.6703,76.4775,38.81299757428555,71.16631200171321,8.60225328754713,33.25252617365189,6.512390537377794,2.0916060815790223,6.158260294034355,0.9370909900806484,5.053647149292968,0.9847286386830072,2.583866269380357,0.357632617066099,2.15236789792168,0.3127306141106906,330.1560559898574,6.1162126075064736,60.39768671771929,26.549553280738003,3.5802569903280594,3.713541144472225,1.2854596760496153,2.0929967786345443,54.826306922169934,0.8475753224420761,465.34233459254233,28.54340032689385,145.4932464257198,42.983254,42.235911,Basalt,Jurassic,Khaishi Limbs,#44AA99
G22034,52.44571061662516,0.9096283459102052,16.035225630428034,7.703528693033941,0.1693539924424482,7.958702561401212,9.167038102570338,3.3793913853883875,1.993805592006492,0.2376150801937908,104.2255553963,241.89138288,228.74655,14.13475,52.0277,61.3655,18.13918033960736,37.00831308165005,4.581712905628543,18.958924940853063,4.315478621423845,1.297824670465498,4.23803172955719,0.672335281520843,3.868253259727112,0.7881211740330571,2.1826328314719645,0.3390703176715837,2.093085083489243,0.3352334241321601,262.2137125489359,4.138679615375876,6.642147185259285,21.961410118417447,2.30072195277254,0.4412344998195983,1.1231207102398202,4.332558527009788,48.48521344279568,0.4082578586631087,380.0263022079737,29.11910562807637,87.12015231692746,42.976174,42.220026,Basalt,Jurassic,Khaishi Core,#88CCEE
G22035,53.66752808884691,0.8919887737238449,16.366300999640817,7.255294864709376,0.1492308436482721,7.050385478706818,8.648699273091415,4.123299668913363,1.5836994634893875,0.2635725452298104,84.266064516,163.402456,242.893,13.4848,54.978,57.9964,18.951744743726465,39.670855385494605,4.843049820661777,19.908055348560517,4.501759119069816,1.2981123467709206,4.396822800850411,0.681573280106252,3.743116338313743,0.7588454816496802,2.099706812706739,0.307030858334811,1.9257909785385587,0.3143371083043483,214.26988153611745,4.603202449533643,7.07358205531341,20.92944465484512,2.4285736711276265,0.4731054373907738,1.2979205281395023,5.004126686448483,46.64529497637983,0.6848085377554094,416.2005001757208,26.313538310147,90.6489286452679,42.974709,42.218841,Basalt,Jurassic,Khaishi Core,#88CCEE
G22036A,58.06362387446696,0.6780245734150677,15.869224849401586,5.709471114295571,0.1172738574219348,5.969637400255982,7.749260531682313,3.0013533954303,2.5953347663402595,0.2467956372900246,49.87321664905,91.47304152,219.66485,14.17415,67.07849999999999,44.90615,17.453245728828247,34.96488516880633,4.3273486833246775,17.807625301774586,4.039798031354621,1.32281391088891,3.7719111991356193,0.5652035550162589,3.138690010372479,0.6204070764697341,1.678483082517204,0.2539410566097458,1.557872343994489,0.2332320518786216,443.3896145844557,3.525350806314098,3.97707712064764,17.368998986217502,1.7133901410896912,0.2669002309269425,0.9915997190793772,4.312490606935289,52.76010168474598,1.4025378501945287,559.648244905905,24.155525788717902,62.87508942070354,42.972482,42.211343,Breccia,Jurassic,Khaishi Core,#88CCEE
G22037,56.73115953216686,0.8202110136487122,15.621328758201347,8.007128535511294,0.143245528561686,6.448195934526263,8.711495734841384,1.8332564790228632,1.38245738164351,0.3015211018760972,42.9939846006,108.45438912,257.5485,14.2857,69.83460000000001,72.78479999999999,20.38940397650315,43.31889591282585,5.351959436829072,22.62097290049015,5.074566563333018,1.5303407436439882,5.036584402036385,0.7446122239852105,4.048808356135536,0.7914140755920162,2.1519547380108426,0.3112870716660603,1.970303533680184,0.3131628953929153,281.9603676770548,4.3850970594288725,4.971106395565188,21.96572590492772,2.3848818203114903,0.3168251975797947,1.23055396404095,3.5016759268898348,29.737663871510943,0.6299726594804638,502.5246158845962,32.22015796561382,91.65728317459272,42.965997,42.204391,Basalt,Jurassic,Khaishi Core,#88CCEE
G22038,51.44193112934934,0.8947333302537099,15.763772333687491,8.954621745222736,0.1351954791124525,7.647937422047028,9.77523879915208,2.6659275569858707,2.325013216718251,0.3956289874710645,73.806734657,202.63952016,286.7436,13.8501,50.8464,67.79520000000001,26.185164172952888,50.416287617373285,6.219122322999297,25.967980334927,5.933504168129489,1.7838567628544866,5.674763160525166,0.8247591434240573,4.512567597595117,0.8852311871286229,2.3672334674991355,0.3497594301043399,2.0836754198106373,0.3277114270276492,407.2594441901496,4.356156990679404,4.980722974625174,24.71926964515854,2.25520088878866,0.3123815980727442,0.912987003714521,4.331380414753017,61.93356777749212,0.9498898293756972,588.4781749212074,37.88171659371928,87.04732582888263,42.963399,42.200553,Basalt,Jurassic,Khaishi Core,#88CCEE
G22039,55.22838493325411,0.9978276417958846,14.20457518955544,8.11417348286382,0.1620289846149425,7.665130521068386,8.57091256489112,3.708298572523619,1.0561129256852368,0.2925551837474359,66.1549417464,192.79553832,254.0736,13.0482,51.8364,63.4194,20.225606637928312,41.48748848446887,5.189767492969875,21.52275002034567,4.984774424316012,1.4870535562105631,4.983654845969287,0.750502763560375,4.121437053564309,0.8124939187327568,2.2072750400324224,0.3260012302942211,1.9031286232379263,0.3041836275334464,204.75828504858177,3.8141688640301576,7.378836374013287,22.39189669805121,2.301617826543755,0.4759174116119481,0.9674304827809068,2.859147267492248,25.262174867648405,0.1919026558576158,400.65028634983264,29.87732164556176,87.51867761949065,42.955641,42.19319,Basalt,Jurassic,Khaishi Core,#88CCEE
G22041A,51.63880020512141,1.5450274598028186,17.653675643485737,9.472494706544037,0.1994350889962284,3.5002977568980347,8.553170283861574,4.855195030768213,2.081816978760008,0.5000868457619269,38.596007444200005,96.57702432000002,212.8305,20.28805,33.85985,93.83845,39.38538565819008,71.78131050839899,8.061803929524098,30.204200554487368,6.012733757626821,1.85725787425324,5.686897258311404,0.8798415761087498,4.975191374687789,1.0291179706450264,2.815828555769143,0.4285502505270194,2.700209196028902,0.4053353603320114,607.2700994109659,8.028837285246444,50.10732170174237,28.263113150494085,4.202135473952963,3.127809342195122,1.839741779366919,4.3286096205587326,49.87941140493992,0.5661295516682365,589.7387196425777,17.123611139293374,194.08494534340971,42.952239,42.193136,Basalt,Jurassic,Khaishi Limbs,#44AA99
G22041C,46.43236642017589,1.806959254052105,16.572937876065048,9.423111607521191,0.2415290975742786,4.8104816892043125,14.45426158155383,3.749513790952927,1.82695086626698,0.6818878166334562,83.99995885999999,179.8212556,219.52685,15.9399,40.7154,106.53465,28.285066212822063,57.236342784618216,6.996455689123338,28.323929983607343,6.011022960754953,1.9653578839705408,5.615578319715797,0.8258968333095088,4.6022745933944025,0.8789109971118901,2.388047133083693,0.333075727867111,2.0400177550236536,0.3087181898311695,411.6222497097216,4.334051373521995,25.908117566210485,24.50006394354436,2.559451335084269,1.6448517624449803,1.1958612052742368,2.507476102511223,49.54402432233903,1.0417207355295266,761.9323755225306,21.02492822070737,105.09123455638112,42.952238,42.193134,Basalt,Jurassic,Khaishi Limbs,#44AA99
G22042,39.89393204562624,1.670063141793899,15.77542226657589,8.58721401990319,0.1346543056734347,3.812290732053088,25.56857926300377,2.3021805836652085,1.57819509601843,0.6774685456868653,44.63245664015,106.99515988,193.75635,15.57175,42.6059,62.426300000000005,36.87223993009014,63.04655881497064,7.259272624667745,27.358286968888184,5.248658287026265,1.618362647016897,4.687011897929694,0.7056677110896608,4.014167982675851,0.7795559560600989,2.107993344387644,0.3063093996404344,1.798661257956339,0.2730246986289186,246.85676944250952,5.684206211346193,47.567344243405714,22.34222248214049,2.9575633145650064,2.965857957491608,0.8908899136927002,3.0881962303637605,35.29766348708638,0.7357694991117321,397.4412059643658,14.6203094293141,126.62660243070798,42.949828,42.192317,Basalt,Jurassic,Khaishi Limbs,#44AA99
G22044,49.636774836482346,1.358127806438398,15.851899649032692,12.04941772538798,0.1622706428103704,7.549246327684814,7.162089162889372,4.618929310917555,1.318541835366934,0.2927027029895367,48.8635324119,124.52344604,278.46070000000003,14.89515,81.2119,65.6103,20.611167077065367,40.31056749117769,4.800467738860178,19.330244826538,4.256708975083809,1.20890109272083,4.193563229786945,0.6789864398578602,3.902419244489935,0.7855527486105873,2.210616691121812,0.3284735551079621,1.9718020752606047,0.3169268817096528,743.3522869114864,3.2900703545283827,22.13047526784268,21.71438851840657,2.404376404211812,1.3822502372666632,0.799749082627664,1.149936605933398,25.305346881815236,0.5147670710070759,407.7160026497757,30.018425554798327,91.05055156548896,42.94182,42.16548,Mafic Intrusive,Jurassic,Khaishi Limbs,#44AA99
G22045,51.54841009816637,1.9108737032552063,18.07861505709468,10.068661138533225,0.1453747472077599,3.464713584086844,8.66593313376321,4.637136844865987,1.216988458126131,0.2632932349005941,12.998914180950004,2.44064744,407.8306,20.9348,64.70485000000001,77.26175,14.928405385096632,31.904360648791243,4.099476143460036,17.684292701595492,4.2557498580635205,1.4407631721693992,4.703304698755518,0.8000601177365224,4.743783699428985,0.9476691614021264,2.6892548463462105,0.4042045917785457,2.4417201209510044,0.3911916704760595,184.8953736831156,3.087224285767045,12.388202593684651,26.17505393676497,3.2445042532274657,0.8264852347866232,0.7581547782879656,2.189223907964839,30.759854257143186,0.3615304855238034,207.0906860205921,25.647672583893275,124.89255988202206,42.9291,42.192865,Mafic Intrusive,Jurassic,Khaishi Limbs,#44AA99
G22046C,56.0115253271099,1.0780616962889855,20.05927678465233,7.630868074865334,0.2338068404037936,2.352319691743575,6.425187704460438,4.821221346071625,1.0143059355006003,0.3734265989034007,4.7735804322,3.79309392,85.0113,19.3545,60.0534,62.9046,20.21451781940723,44.6432700205616,5.914098213429794,25.97868798598683,6.475401971553064,2.163527037620001,7.294894302761258,1.2718887816964548,7.611031264222346,1.6427409903374843,4.606666435622773,0.7055304934974829,4.293138866551976,0.6775676876883537,219.45674376332656,3.2994428817752537,9.188115574789762,45.11618156653484,4.7454418303645225,0.6375351493832437,0.8525106392276268,2.5538466835644447,27.111974705708533,1.2509520946303014,360.84781908940863,18.276003786075908,188.88669553155225,42.932878,42.193033,Intermed. Volcanic,Jurassic,Khaishi Limbs,#44AA99
G22049,55.55080448088312,0.9304876461730094,17.996967574948204,8.643960661101712,0.2207184038041648,6.345266793499704,2.362420238751831,6.438842307700253,1.3638682836846032,0.1466636094533991,28.197556792200004,59.7562812,226.9377,15.8895,52.6383,117.5922,19.71779592187361,40.85735023783196,4.89660370919956,18.88618505357584,4.132273256194165,1.1621834549222134,3.764674812836605,0.6201012840126421,3.6096497037181434,0.7626483980399751,2.090689871038096,0.3282620481168065,2.192233804500101,0.3515144680989265,369.413739102168,6.490476662419223,6.8559554450023565,19.85474980947767,2.840798787779946,0.4749962731062808,1.4095614067612197,5.141610021594633,22.55374435718941,0.3144654397450787,171.05576187768528,24.85147218151872,104.20180355988646,42.93676,42.149607,Basalt,Jurassic,Idliani,#117733
G22051,51.06893266410828,1.5866594989328235,20.032680608263824,9.167815455692226,0.1333837203732189,5.056978161476269,7.519307639491374,4.081882488197191,1.0868697406309378,0.2654900228338451,25.14013513115,39.32266268000001,279.08755,18.8055,82.4457,62.71485,13.85401680369417,29.8438174017216,3.959781696032521,17.231439240748692,4.535087972236937,1.4867937852395317,4.894773913296973,0.837865734159268,4.962169299807489,1.0609199214676557,3.022025744221596,0.4505620242025369,2.7179661778418582,0.4378590666069616,189.0460233784988,2.693365224427095,6.140314998731345,28.91098032465018,2.888894816680178,0.435276095227166,0.685778703548995,1.752544396302021,25.26132703579293,1.2292587994095787,377.4435407206415,27.733270134276857,107.90962653202696,42.933595,42.1277,Basalt,Jurassic,Idliani,#117733
G22053,52.23352245003397,1.5228199755710978,18.631556231655733,9.939523051720602,0.1164040400174765,6.219377498833302,6.781306042698492,3.2285909583294803,1.0513570372354732,0.2755427139043828,19.6148864638,36.63996756,251.1181,18.308,36.0986,100.9328,12.724472742778593,28.77425132180648,3.920692952004377,17.537222007399702,4.667131706067032,1.5707741278796674,5.458603947513427,0.9436689502810124,5.771019752941891,1.2374560572878073,3.549969048218549,0.5460513681843275,3.387600913495713,0.533913771862865,138.9276455549487,2.401023322125261,6.265824980488794,33.80304638740573,3.255918369621618,0.4470947982528833,0.6302671682154629,2.880322715344343,18.277274212425475,3.8734131656809776,278.71146575963206,27.10501363470139,124.34733103991611,42.919016,42.083353,Sandstone,Jurassic,Idliani,#117733
G22063,50.34016325310965,0.9666191791891212,20.23408450526395,10.604507873311544,0.1449876160795264,4.501455136959636,10.647962071744669,1.9452329797375063,0.4847300052818419,0.1302573793225353,20.293798,32.475744,307.54,18.62,148.67,99.17,11.239853574556731,24.217222035158738,3.0887545231527707,13.300887128380342,3.4318991775477024,1.0237951719362344,3.82339771919382,0.6631197898153854,4.033413311571874,0.8721240786803016,2.442097388638889,0.3844118196402187,2.38528749907059,0.3953162574195716,148.33837054908568,3.7224865731397543,3.6396081606543778,22.74788828694696,2.265672309819277,0.2791954344925098,1.2340857332258564,9.463184154568024,8.962545927856308,0.5724619822526201,229.80424257464537,35.9757036831079,79.5991295279835,42.902454,42.057646,Basalt,Jurassic,Jvari,#999933
G22065,48.65756320513704,1.0144782220885322,16.585930368337166,13.55200023395771,0.2818981490185265,7.778049335831668,8.117288012383048,3.812988412826732,0.0910763934583753,0.1087276669612027,45.0072011821,100.51029912,407.5719,11.49225,119.17115,144.7924,4.1255489180455145,9.9987735878731,1.4820893270722433,7.452600464051185,2.391961129178242,0.7792751975328199,2.951081818297555,0.5384712823950969,3.3634591843466084,0.740304251133008,2.024072724567592,0.3160064484351724,1.925071588055844,0.3072820858812615,28.78236616503137,1.1989547914240388,1.0488670085802674,19.028567305774352,1.2567591291400753,0.1116453911833363,0.3380502402580988,1.4375660183105148,1.685663985743918,0.6947145182463978,325.8886645551516,47.14712572685611,38.89327616125031,42.882074,42.036058,Mafic Intrusive,Jurassic,Jvari,#999933
G22066,52.5364454318016,1.1323122704772428,17.894325764663698,10.195859419758229,0.2076266471027067,5.601385688908307,7.830976453180451,2.9433524439150456,1.4908932788729845,0.166822601319743,38.6110583992,78.88737304,271.98325,16.80555,54.83445,95.6394,11.8256654708219,27.2884411813081,3.5296120386059147,15.15795600098068,3.883091773323188,1.2062009805809133,4.268413113121948,0.7295473536934258,4.434221959103703,0.9483236141883226,2.722148341423669,0.4156433872979737,2.577622741192135,0.4076303586742602,279.14000638306584,3.509769323336259,4.6278945984523485,26.04954097475085,2.584506395719353,0.3554686835764898,0.8129235151341534,5.417145742654531,29.10624230643319,0.7248415427364525,330.8186166482919,31.36124215907661,93.55946497760684,42.88198,42.035591,Mafic Intrusive,Jurassic,Jvari,#999933
G22067,52.93106687569493,0.9979148507593704,19.805529803466214,8.948072494612596,0.1565658587868353,4.442774408617386,8.669333932903575,2.968796681009126,0.9215312448987764,0.1584138492512045,17.58916476375,17.92161364,272.71955,18.37765,88.52515,77.24185,10.55911486996732,22.648989140827272,2.9094041986233856,12.761328581823468,3.268546011935331,1.105744444030456,3.5765071308018688,0.6030135938525041,3.699812462365761,0.797052803468956,2.258270594429736,0.3522273384179313,2.1884683333811714,0.3511805407401062,199.111305144674,2.869412507256685,2.799425168925151,21.939985607883308,2.029344256305117,0.23494293647169,0.7164102968488961,5.864564518832736,13.00661337389401,0.4168901140657821,289.5351597637344,27.102858859538607,70.29929193112524,42.869079,42.031702,Mafic Intrusive,Jurassic,Jvari,#999933
G22068A,54.96370731209673,0.8190976561503739,18.619602642250506,8.235354127878805,0.1614935346476574,3.830651126016986,7.970721007931854,3.842383126323039,1.41589941084955,0.1410900558545232,15.06596265035,33.31647451999999,217.34025,16.85335,29.2151,72.20049999999999,12.603371052985397,26.25557063531893,3.298576510356092,13.635765837297404,3.2834352706962795,0.9948778561300023,3.563842603489177,0.5974987913297242,3.720221396611842,0.8001024338050219,2.242212782520893,0.355985730241714,2.268818566521903,0.3448988771633399,214.65608723041197,3.7303209304009552,4.974962499066323,21.50660262736685,2.3141790638368835,0.3980316276576723,0.9739608825630516,6.004860347129249,55.17262123639137,1.3223855729374834,196.19486918493888,27.60554885765893,83.08151141840318,42.864836,42.03427,Mafic Intrusive,Jurassic,Jvari,#999933
G22068B,54.58127052279416,0.8389135388802175,18.338699477690696,8.531602137104386,0.165987688644647,4.116989856078668,8.18528723916773,3.82803304073146,1.2717813707962764,0.1414351281117533,10.919657742950005,36.77107672,226.1436,15.7011,45.939150000000005,82.55515,10.946812210972082,23.07982996745611,2.9314176538797296,12.150864181934692,2.9218571233786155,0.8969551397566071,3.194142967939496,0.535829854449631,3.387720460354765,0.7321236330858379,2.076570915562108,0.3354534581479231,2.0650036557554734,0.3252285950461056,185.0726869505149,3.0326966176592163,4.904256972299627,19.169471026029367,2.172073255205789,0.4966110057989086,0.9430602416251236,4.713357457656309,47.1432170298083,1.2138600071832644,172.82047655205776,26.931023687604803,79.76821830825132,42.864821,42.034373,Basalt,Jurassic,Jvari,#999933
G22068C,53.20728008929666,0.7393580866900993,17.624450989725474,9.22804946237006,0.2105621989927103,6.886402421153498,8.584618774332613,2.612072925608978,0.7773964701211613,0.129808581708734,49.07822367200001,156.30958728000002,227.4921,14.9787,40.7286,66.4191,6.623976251955824,15.063959998229713,2.033800043665656,9.186316749351592,2.437723999782919,0.8252202821390718,2.855584168888159,0.4889217788034366,3.150135555834982,0.689229095579795,1.9781565181549488,0.3041127779257437,1.993486861744159,0.3167643332167619,192.92052465986444,1.7458832252229537,1.208085347648594,18.738506213446925,1.4829355093904846,0.1642262689640996,0.4807302218500137,1.7281801260310663,18.638757033491,1.000666217957017,247.3927533542377,36.09625238441072,48.997432809250505,42.864743,42.034496,Basalt,Jurassic,Jvari,#999933
G22069,55.074240213223945,0.7745766968969188,17.84318324763828,8.862431940416858,0.1738464380681146,4.497485194510812,7.526668562544239,4.543359896377145,0.5639889817684385,0.1402188285552374,19.63565987920001,48.44724192,226.1358,15.6816,23.2947,90.8424,11.699588656289622,23.938549907645783,3.001173891888303,12.661572306598655,2.977946709608148,0.9464578360301537,3.399551033541536,0.5781256024768064,3.651297429795779,0.7881966510049672,2.212098607451785,0.3570225277221717,2.3377715881026,0.3694247889181287,108.54335685581664,3.546348503937819,3.310881491032796,21.742032365509782,2.17235039191457,0.3127717687108732,0.9208218101522834,4.7206719679975935,13.058758989702564,0.298258492133816,168.76651945767236,27.035342662743517,75.8885536476727,42.839208,42.017596,Basalt,Jurassic,Jvari,#999933
G22076,48.795632104803424,1.6942595529891329,16.42043129198235,10.293222350950565,0.1900722620737117,8.046460298618081,10.938164922046957,2.973047814321696,0.4523251528620789,0.1963842493520032,78.5261208414,239.86803456,252.1233,17.3646,75.3291,70.60679999999999,6.405185639954285,16.91695051092572,2.605942712851656,13.035681017501268,3.769673678252629,1.5070034148732208,4.84440244094489,0.8492316238241877,5.161502607866064,1.099901454146143,2.9818745328518057,0.4432424981287522,2.7517400874828866,0.4328739757545654,109.6021953923275,0.4160813852846368,4.201514348483969,28.61636567718931,2.9744307643131878,0.3445388113306844,0.1313627084382005,2.7339962900833155,17.34438609018728,2.152841389940198,233.6905048313108,39.26318582843169,118.3638645697461,42.824153,42.80577,Basalt,Jurassic?,Panaga,#AA4499
G22081,49.83127798624683,2.578693520522992,15.576571597286144,11.58700855818534,0.2087187854058267,5.832683747620882,9.21591003127206,4.0529040312454985,0.7208613557628555,0.3953703864515661,19.3903286092,17.01874944,292.3371,20.6613,60.1821,98.6832,12.965731564630431,34.70361548767009,5.204405293954369,24.38945243284324,6.735630929551731,2.3235276922495074,7.88269839060303,1.3523379780227742,8.239450953575044,1.759202924931945,4.667654233973024,0.7077831919366997,4.341530080873915,0.6592781359255999,124.8308518177714,0.6398490522018095,8.07769922332097,46.25920670963976,5.063557127004901,0.6098672111316775,0.2236270793092257,1.350730991344817,9.986588319894596,0.8639928825669245,382.2740522970423,36.78565718706454,226.27477618021152,42.799433,42.758739,Mafic Intrusive,Jurassic,Lentekhi,#AA4499
G22091,53.360869351428406,1.0585181360738227,19.236182819491564,7.105583419383388,0.1593974856993,5.524106308698429,8.154881906541442,3.705991542508727,1.4368310632508887,0.2576379669239972,39.1531110858,37.59979608,250.2423,16.0974,33.7392,64.5381,27.085289561108997,53.77312715990149,6.826345759572427,28.46613474275889,5.749835962063707,1.770484623973864,5.354441385456202,0.7742816829237695,4.4906393092508425,0.9312181443132858,2.494158483443896,0.389405763967608,2.471169584007652,0.3940937737890779,645.0614229476549,5.779086467687565,11.780566749605168,25.40410517082585,2.4512204304586533,0.6657475961948506,1.8236769692262955,6.147095963676231,29.86091080773816,0.196540902859732,608.7592293624122,25.667580955548125,91.52363240873626,42.723374,42.760059,Mafic Intrusive,Jurassic,Mazashi,#882255
G22092,53.04922339932754,1.0417435564983808,19.46695422126513,8.075384663112887,0.1424935733472832,6.326629074893638,4.776209136063176,5.698031299376644,1.069450640204797,0.35388043591052,59.4764570306,86.86987848,235.7883,15.0876,65.9142,67.0923,21.16225539475854,43.9122381911204,5.756100009036329,23.70272550319336,4.709163362346061,1.2828229523503596,4.220889448217439,0.6240169488453708,3.537814670624132,0.7373557504140036,2.051248312432223,0.3082918568661206,1.8961938658949928,0.3025048059486798,116.9606404571442,4.843466962908108,16.278970445012067,19.74190871504038,2.1593779922629355,0.826269893878017,1.430902649973699,3.0370424791683237,33.074195839326016,1.0037687044872283,162.76226171621738,24.54195940502334,79.19608443950911,42.706836,42.750772,Sandstone,Jurassic,Mazashi,#882255
G22094,50.34472274266181,2.1597557768793347,17.369670972619403,9.477923774775665,0.1920832922459981,6.0305936298195455,8.509700719850114,4.074322880715249,1.5365636196298855,0.3046625908030108,24.8129582746,45.286330320000005,319.49280000000005,19.0575,48.6189,78.33869999999999,20.22950768262302,41.67468907060628,5.314505947304355,22.697733117219894,5.311196642271777,1.87929474188421,5.827337911922569,0.9535212428618632,5.439916795264993,1.115155645462128,2.971467830275432,0.4383446036062262,2.707869412784285,0.4111083239505758,312.08026861190234,3.483937517828331,24.884874920675003,29.870867362553398,3.370202050704887,1.6373834987542375,0.8140789915934878,4.190409230692211,29.266104969687444,2.7249193222545998,480.3401470586553,36.56174371550273,138.13615542453155,42.679475,42.770126,Mafic Intrusive,Jurassic,Mazashi,#882255
G22096,65.23480722490237,0.502599161669222,16.61855739434437,4.312811497468091,0.1576204772117568,2.269104389940452,4.343810191319736,4.599575685675347,1.7665052282712297,0.1946087491974491,9.466799214200002,20.50345556,85.67945,15.1439,5.8307,52.14795,23.215947106626448,44.068315733219215,5.000945556847661,18.38288607633186,3.522016221049137,1.0383678277600654,3.3040051746946637,0.520935830535267,3.136479493017853,0.6682286719222776,1.9266848223360145,0.3262036187882541,2.129941779806084,0.3580279513146613,287.4619793721727,6.284079692465498,9.727430391458116,19.33497714512039,3.0499472772838505,0.7916859988310705,1.558455408602567,3.6596603262360015,57.72057569211545,1.1903268042113095,216.3318487818772,10.02299085443083,114.59621400624738,42.698229,42.760637,Mafic Intrusive,Jurassic,Mazashi,#882255
G22108A,55.35569343741658,0.9339165772371452,19.21338337754874,10.504927248857388,0.2308643522124954,2.38752308371148,7.388312968824049,2.535585686192263,1.2328744736369033,0.216918794362944,10.50263500855,16.074581039999998,228.4365,17.67795,39.94875,55.82775,11.43450362595244,25.992652258758675,3.48695668848062,15.420280763628003,3.773873319136219,1.1720455417881002,4.254742154741574,0.6977543207840106,4.425224648494096,0.9456559626806744,2.591513289402638,0.4109176029854572,2.627219983498692,0.4167900604308504,163.29770270887644,2.540932311040092,3.9611591157765527,24.992970841566937,2.5066649398550527,0.3182606617740853,0.6699582833108199,4.232207433955811,30.33781107755587,1.9017749108883453,277.0473364072988,24.22591757318661,90.03389988897308,42.554438,42.684758,Mafic Intrusive,Jurassic,Tsageri-Khvamli,#CC6677
G22109,51.88223240115717,0.9197203471552552,17.09870218579234,9.314729990356795,0.1920604307296688,6.108164577306331,11.190031340405012,2.274087913854066,0.8665822886531659,0.1536885245901638,40.0707192746,149.68672488,294.5052,15.4737,54.2124,82.368,9.143892474494066,20.69296074453195,2.7960673782601426,12.39551700184744,3.17372050265898,1.036629810163187,3.734721593220924,0.638235077749472,3.936164634481724,0.8472969048121297,2.3989850962163546,0.3637003379312699,2.288707004995235,0.3553455192041691,132.25141528301538,2.24595580255268,3.334149466271901,22.683556728991142,2.063570994086257,0.2885957430419036,0.6017673279718666,1.2721256796696985,23.162148488342616,1.185272956387185,295.79457972412524,42.82992482239828,73.45164029327515,42.553377,42.681753,Mafic Intrusive,Jurassic,Tsageri-Khvamli,#CC6677
G22110,62.023524352306616,0.6854738229785455,18.34893451122561,4.570729805551313,0.1791556473718479,0.9986696462303964,7.317347652387804,4.249093671374485,1.4978537495076485,0.1292171410657299,6.055017628300001,7.987168,154.53664999999998,16.63665,13.3566,73.9144,13.473463473282097,27.11311792005074,3.2556340159724826,13.554453037375108,3.2187385721234887,0.992554490869064,3.548999108104662,0.622957054762826,3.880712156222197,0.8416552229020429,2.43443082437517,0.3739130121696869,2.2934262541546144,0.364500101173092,176.24890075405534,3.71211673501962,3.666528125221888,24.204767235737464,2.5766920003134905,0.3407050742918621,0.9998215679950666,5.0070055309823,41.92652429328514,0.9783813303194836,229.3211131249463,17.23314880736566,93.76200202651826,42.539543,42.65004,Mafic Intrusive,Jurassic,Tsageri-Khvamli,#CC6677
G22111,59.83385787557823,0.5358032170783424,18.35315983221493,6.990496629409621,0.1221935278503694,3.565997340493805,3.249731738998732,5.894246122409163,1.2989480061404812,0.1555657098263106,5.7985484226,5.72977944,94.0401,17.295299999999997,7.860600000000001,57.6774,13.216950201127965,27.933267596567667,3.3999857179982373,13.785243407283138,3.1959107031091327,0.9914607849699716,3.335120322346311,0.5663573674918856,3.413753840320884,0.7564406628139556,2.151847821639985,0.3398207768272729,2.273682988322994,0.3708846863059894,159.3413810937012,4.193743798121928,4.724886939025686,20.78651742651422,2.9289610548435125,0.3965916785106566,0.9982943460311522,3.906462942255729,29.567595218162467,0.7773217784928143,199.01949082357257,12.928802757401536,110.4247555402182,42.53125,42.646923,Basalt,Jurassic,Tsageri-Khvamli,#CC6677
G22114,59.23278652684206,0.513256284734003,18.31954715471217,6.821141992655394,0.0977631018540958,3.192357152948724,6.506299429405864,4.205772766788597,0.9847466873467942,0.1263289027123073,3.3998899334,2.78354832,135.98665,15.77075,26.31775,59.4413,8.63055986956298,19.4919154973091,2.4530244146040348,10.64555156300655,2.7157402025930595,0.8568525721862482,2.857094858756416,0.4817299272989149,3.080799172422624,0.6693957061392437,1.9791053270824297,0.3225519983515308,2.1392369718461075,0.3374906392214077,164.5948255221112,2.5795886912988206,2.697735044058509,18.996134934605077,2.155616708895034,0.2461477890687095,0.6662024510034048,4.449294951439656,11.97648437377392,1.0524677132828406,322.260746871891,14.230309374427494,77.60675549487041,42.467529,42.599876,Mafic Intrusive,Jurassic,Tsageri-Khvamli,#CC6677
G22118,54.35488454924828,0.756517809860494,19.33812870208124,8.605799015708989,0.1371955271395652,2.905539550546635,6.309971927055326,5.261070206897397,2.135118170126543,0.1957745413355197,12.281434134850002,9.631480600000002,187.8361,18.8851,16.7558,83.58,10.326286874041465,22.446183696311248,3.0730572909869727,13.65577823424023,3.588416509565552,1.1503373798512315,3.901245279262531,0.6625173153436689,4.070255439080543,0.8873670561342435,2.535527653534794,0.3947121610963147,2.567235094437345,0.4086199041938977,387.05694893146654,2.2740801694781374,2.2910663436174143,24.188487005182687,2.40656934907354,0.2740703013462933,0.590636679392046,3.016441330639842,48.27476311579335,2.2158453487821994,394.2548277200142,21.71277358988217,86.78423201857454,42.484837,42.77875,Basalt,Jurassic,Tsageri-Khvamli,#CC6677
G22119,52.87811653415822,0.7092686745490278,19.313291493604357,9.421438529192097,0.2057742113443949,4.598226622847616,7.838836569251805,4.176096700524041,0.7674155560372592,0.0915351084911911,17.5910272568,42.17559192,281.556,13.7511,105.93,82.7046,6.012323667825706,13.499343494444943,1.764889535341527,7.976098023090263,2.174451042868668,0.7443066394502431,2.709257321417599,0.4721508107611377,2.9921991965135644,0.6720150441787216,1.9592129100138764,0.3023082512448365,1.9604899337998107,0.3131361115536895,206.9555826131608,1.65920199523252,2.101369638255869,18.135057907533884,1.454988334437377,0.2102628235309677,0.5340707520671581,3.4597054028686407,21.271343832984783,1.503208027034518,274.9016570311193,35.99171330776817,48.77313612743612,42.426544,42.712603,Basalt,Jurassic,Tsageri-Khvamli,#CC6677
100311-3A,60.83503960329097,0.6289803855480532,16.66635047272676,6.094355635433769,0.1438615151273571,2.797287055995592,4.680560026560291,4.09003252424686,3.8097770529984776,0.2537557280718661,15.146999999999998,40.441500000000005,142.362,17.523,31.68,55.836,36.6630027335948,71.01739474450642,7.998087163625007,30.23211341719748,6.043525011568886,1.5811343132490678,4.9989931657969775,0.7409340792341201,4.239934624285201,0.8233467820826678,2.2338590455632765,0.3258429389206971,2.113297206523605,0.3305649867585601,531.5961996530638,18.828913140322506,8.928306675056932,21.83579270006348,3.683161216889756,0.7716896199487139,6.166281770769009,12.859126644888152,140.46037541742598,1.6759291774417673,591.9527904165382,15.568110539181452,139.07479983021227,42.98740815,42.25974958,Andesite,Jurassic,Khaishi Limbs,#44AA99
